CHROM,START,END,Li_Mu_fst_wc,Li_Fa_fst_wc,Li_Ga_fst_wc,Mu_Fa_fst_wc,Mu_Ga_fst_wc,Fa_Ga_fst_wc,Li_Mu_fst_hudson,Li_Fa_fst_hudson,Li_Ga_fst_hudson,Mu_Fa_fst_hudson,Mu_Ga_fst_hudson,Fa_Ga_fst_hudson,f3_Li_Mu_Fa_snp,f3_Li_Mu_Ga_snp,f3_Li_Fa_Ga_snp,f3_Mu_Li_Fa_snp,f3_Mu_Li_Ga_snp,f3_Mu_Fa_Ga_snp,f3_Fa_Li_Mu_snp,f3_Fa_Li_Ga_snp,f3_Fa_Mu_Ga_snp,f3_Ga_Li_Mu_snp,f3_Ga_Li_Fa_snp,f3_Ga_Mu_Fa_snp
452255,1001,51000,0.06702893564149952,0.027008005675772294,0.12065478949082985,0.0742472961547124,0.2002438506215238,0.10617259266988634,0.07107554369975173,0.027070053412818255,0.11591532625219589,0.08318705373827431,0.2041769929617339,0.10577277327303773,0.008692734430923542,-0.0072242304939155915,0.02117859699355805,0.07545642462126043,0.095484165871058,0.11119467512114371,0.019546829245670753,0.006064912350439334,-0.011121821626850145,0.16327622354579235,0.12514107538574457,0.14651203980591482
461547,1001,51000,0.14899672414525733,0.33269688847684825,0.2110165548091248,0.12589779512659352,0.03143989889371774,0.059441104536616954,0.1613754454691377,0.33415700823753214,0.2136879049676027,0.13326291287752887,0.03994236787990373,0.05565148785792804,0.2661475752508378,0.2380225752508383,0.35717757107023573,-0.023759892268811613,-0.0039034108727333504,0.060364515117416556,0.2341364982230464,0.13370739320762265,0.10267840596958423,0.05016663743203013,-0.04982239957902163,-0.026221276968953062
502841,1001,51000,0.07624708815011845,0.13519845343156794,0.05993775246721473,0.16833141009616104,0.06061660360151041,0.0948818259467519,0.08076842510831059,0.1362189331999139,0.07441900208134858,0.17075451454714896,0.07601870984791732,0.10972274552436428,0.018384550671308838,0.041614030107998176,0.055725871538299075,0.06542598251293406,0.04340736846882315,0.07880222672677283,0.1486954861476898,0.10556189429052992,0.1323946592225865,0.038856997982602934,0.025429917134862135,0.0033276209896093453
